customer_id,customer_name,address,phone,customer_type,created_at
1,Black Ltd,"8811 Amber Place, East Judithview, SC 46789",001-411-451-3307x210,residential,2024-05-02
2,Carrie Terrell,"642 Case Pine Apt. 851, Fletcherbury, NJ 64177",(978)348-1218,residential,2025-02-15
3,"Smith, Marquez and Ortega","45259 Maldonado Neck Apt. 086, Housechester, MP 29106",(228)632-9429x075,residential,2025-03-27
4,Joshua Smith,"7581 Johnson Stravenue Apt. 832, South Stephanie, ID 96503",393-308-1931x195,commercial,2023-11-05
5,Ross Gonzalez,"3697 Sarah Mews Suite 055, South Justinport, PA 43614",287-381-2349,residential,2024-09-14
6,Courtney Santos,"798 Jo Passage, West Roseburgh, DE 73932",(977)573-0425,residential,2025-06-15
7,"Rodriguez, Lee and Shepard","018 Phillips Gardens, Hendrickston, OR 64858",261-635-9032x156,commercial,2025-03-17
8,Jason Dixon,"320 Dylan Meadow Suite 991, New Edwardmouth, AK 75532",488.334.5986x12517,commercial,2024-09-21
9,Vincent Booth,"42625 Smith Court, New Jamesville, GA 83053",+1-994-314-6621x9009,commercial,2024-10-04
10,Wilkins-Hines,"625 Edgar Villages Apt. 715, North Anthony, GU 35059",683.535.6173,commercial,2024-12-26
11,Banks-Anderson,"74882 Ingram Brooks Apt. 320, Port Jill, PW 26863",+1-582-748-8299x142,residential,2024-05-10
12,Traci Oliver,"27846 Randall Curve Suite 422, Williamsview, NJ 34870",3259796178,residential,2024-06-19
13,Combs Ltd,"6838 George Extensions, West Alexanderville, DE 81150",547.724.2620,residential,2023-09-30
14,Ralph Greene,"570 Jonathan Corners, Murphyborough, GA 31248",(652)410-5242x3339,residential,2024-04-08
15,Jack Boyd,"5542 Lisa Lake Suite 940, West Susantown, ID 53421",677.378.2842x912,commercial,2023-12-23
16,Robert Tyler,"23544 Matthew Bridge, Whitneychester, OR 30421",(676)469-9865,commercial,2024-08-27
17,Dr. Stephanie Mathews,"1043 Robert Viaduct Suite 751, Omarbury, AK 51379",445-618-5648,residential,2024-04-13
18,Green-Leon,"46298 Jasmine View Suite 458, Melissastad, PR 03175",775.390.9541x8509,residential,2025-01-14
19,Kyle Duncan,"511 Allison Gateway, Yangton, MD 51736",321-687-5344,residential,2024-07-24
20,"Huff, Holland and Porter","USNV Hanna, FPO AA 73763",001-810-500-1726x897,residential,2024-08-19
21,Kim and Sons,"51470 Bonnie Freeway, North Crystal, HI 74554",899.331.9338,residential,2023-08-20
22,Ward LLC,"USNV Welch, FPO AE 02758",243-879-1420,commercial,2025-06-13
23,Steele Inc,"99956 Jody Station, Carrieside, GU 86504",714-392-1581x2999,residential,2025-07-07
24,Juan Mullen,"484 Patel Tunnel Suite 064, Lawsonview, DC 89186",(868)807-0922x92378,commercial,2025-07-04
25,Lauren Miller,"19899 Simpson Plain, Caseview, IN 42416",7648486419,residential,2025-06-18
26,Jackson-Lewis,"95056 Walton Path, Lake Vanessaborough, NM 76021",762.816.9233x8766,commercial,2024-03-06
27,Carla Coleman,"Unit 2892 Box 2378, DPO AE 22103",(569)431-3033x31550,residential,2023-08-23
28,Melissa Jackson,"3352 Breanna Forks Apt. 180, Garyhaven, GA 38878",001-541-247-6332x035,commercial,2023-10-10
29,John Williamson,"563 Moore Locks Suite 184, Meadowsborough, IA 90310",(384)772-6454x54664,residential,2024-12-28
30,Jon Phillips,"9742 Lee Pine Apt. 087, Allisonborough, AR 18124",+1-942-522-9847,residential,2024-10-22
31,Kari Navarro,"50218 Martinez Plaza, Ibarraville, MT 38399",(719)655-3972,residential,2025-02-27
32,"Rogers, Powell and Bell","238 Lopez Village Apt. 983, Randallville, ND 54415",001-426-758-2801x0501,commercial,2024-04-09
33,Sarah Mcbride,"732 Scott Causeway Apt. 096, West Madelineport, MD 66825",589.719.6278,residential,2024-06-27
34,Bell-Campbell,"88502 Woods Gateway Suite 574, East Ericville, MA 62201",+1-359-339-0613,residential,2023-11-26
35,"Watts, Austin and Malone","0091 Reyes Estates Apt. 878, Karinastad, FM 27569",3604050087,commercial,2024-01-08
36,"Lewis, Campos and Austin","980 Hughes Roads, Michaelmouth, AL 58814",712-295-0995x08872,commercial,2024-03-24
37,Lyons Ltd,"4051 Fowler Rest, South Anthony, WV 57984",326.993.5211,commercial,2025-01-20
38,Kevin Wiggins,"PSC 6077, Box 2597, APO AE 32646",286-606-8511,commercial,2025-02-11
39,Jason Walker,"6134 Robert Summit, New Timothyside, NH 89845",501-746-0851,commercial,2024-11-27
40,Michael Chan,"8009 Cynthia Square, North Bryan, MH 96166",001-365-567-3631x15341,residential,2023-08-25
41,Jones and Sons,"1112 Monica Parkway, Nicholsfort, AL 58848",3028630051,commercial,2025-06-08
42,"Barnett, Pearson and Fowler","6346 Valerie Groves, New Keith, UT 15367",+1-945-635-1113x417,residential,2024-07-25
43,Samantha Green,"402 Williams Radial Apt. 836, West Diana, DC 07365",+1-359-258-6025x14204,residential,2024-07-28
44,Fowler and Sons,"5639 Natalie Unions Apt. 496, South Gregoryville, PR 16009",852-381-0767x4059,commercial,2024-01-15
45,Tiffany Roberson,"911 Ryan Neck, New Shannonchester, OH 42318",743.490.7934x73513,residential,2025-03-25
46,"Wells, Gutierrez and Simpson","Unit 2010 Box 8485, DPO AA 00771",538-505-2674x935,commercial,2024-03-03
47,Robert Moore,"25966 Nguyen Heights Apt. 893, Port Douglas, IN 41155",001-625-418-9490x71770,residential,2023-09-07
48,Melissa Castro,"34793 Wesley Shoal Suite 105, Josephview, MS 10387",001-611-767-7989x8359,commercial,2025-04-13
49,Phelps Group,"PSC 4283, Box 6508, APO AE 09085",212.753.4570x8140,commercial,2023-10-18
50,Haley Ltd,"350 Andrea Shore, Simsshire, FM 24117",001-230-766-4765x21492,commercial,2024-04-01
51,Russell Lopez MD,"72159 Whitehead Drive Suite 726, Dannybury, OR 66159",717.428.7499x9731,commercial,2024-08-30
52,Benjamin PLC,"33499 Ricardo Canyon, South Ryan, PR 68921",962.348.5719,commercial,2025-05-05
53,Cantrell Ltd,"346 Joshua Prairie, Nicholsonchester, GA 37499",001-862-472-5130x4275,residential,2023-11-01
54,April Lawson,"2675 Lindsey Mountain Apt. 642, Lake Mark, OK 98765",(685)743-9897x63581,commercial,2024-04-22
55,Cox-Black,"100 Timothy Island, East Eric, KS 70260",(629)874-2795x2970,residential,2023-11-15
56,"Alvarado, Mcdonald and Harris","914 Michael Fort Suite 655, Williamston, ND 24640",+1-208-442-5589x1426,residential,2025-05-03
57,Erin Johnson,"5925 Dawson Manors Suite 264, Travisberg, PW 84316",844.633.7478x687,residential,2024-11-02
58,Brenda Orr DVM,"USCGC Smith, FPO AA 04635",990.768.8991,commercial,2024-08-26
59,Sara Sanchez,"365 Obrien Villages, Lake Gabriel, WA 72243",(275)510-9026,residential,2025-05-06
60,John Jimenez,"939 Dakota Islands Suite 598, North Samuelton, MT 95030",(758)990-3062,commercial,2025-06-12
61,Sergio Morrow,"306 Randall Squares Suite 650, Robertfurt, MN 99037",(888)915-6934,commercial,2025-05-17
62,Lynn Trevino,"74021 Thomas Grove, East Cynthia, DE 05955",402-227-3770x52813,residential,2024-11-11
63,Taylor and Sons,"USNS Chavez, FPO AA 03345",001-439-288-7495x33737,commercial,2025-03-09
64,Mitchell-Ruiz,"792 Chapman Wells, New Tomville, MI 59077",6636061123,residential,2023-09-25
65,Joshua Herman,"927 Burke Villages Suite 335, Port Laurashire, DE 12905",393.500.7272x618,commercial,2023-08-31
66,Kristopher Rogers,"252 Humphrey Fords Apt. 005, Allenland, OR 18217",902-234-9917x129,commercial,2024-02-05
67,Daniel Green,"058 Alexander Bridge Apt. 275, West Michaelfort, TN 90667",859.457.5497x50554,residential,2023-11-25
68,Becky Adkins,"13962 Frank Alley, South Brian, ID 69162",(969)735-9621x3193,residential,2023-12-17
69,Anthony Montoya,"2233 Miller Extension, Port Tammyshire, NJ 97231",649-515-8681,residential,2023-08-27
70,Thornton-Gross,"9072 Weiss Wall, Davidmouth, CO 12101",993-509-4229x5492,residential,2024-12-08
71,Diane Duran,"PSC 0912, Box 0752, APO AA 84915",(376)916-9597x85964,residential,2025-01-16
72,Doyle LLC,"160 Berry Ville, North Melissaburgh, AZ 85906",705.929.0235x558,residential,2024-10-11
73,Ruiz LLC,"USS Skinner, FPO AA 58937",+1-219-996-3386x5251,commercial,2024-04-28
74,Hinton-Jones,"63430 Jeremiah Lights Apt. 133, Bryanland, NM 44685",5317310047,residential,2024-09-30
75,Lee-Love,"1496 Doris Glens, Greenbury, ND 62518",001-990-533-0609x60913,residential,2025-01-09
76,Morris-Hebert,"13627 Black Glen Suite 762, Maryshire, MT 21147",521-857-9837,commercial,2023-11-14
77,Karen Pugh,"7882 Brewer Tunnel Apt. 572, North Ronald, VA 55237",001-996-517-8656x69537,residential,2024-10-14
78,Holmes Ltd,"3541 Patton Wells Apt. 453, Meghanstad, MP 25060",001-591-734-7277,commercial,2024-11-09
79,Martinez LLC,"5235 Haney Lane Suite 640, Port Katrina, WA 65732",909.238.8907x1417,commercial,2024-11-20
80,Danielle Buchanan,"Unit 0709 Box 1239, DPO AP 23336",280.717.4125x348,commercial,2025-07-20
81,Bruce Taylor,"25827 Ramirez Trail Suite 448, Port Deborah, MS 61316",001-584-392-5115x58365,commercial,2024-10-09
82,Andrade-Butler,"70155 Sandoval Skyway, West Tommy, FM 60089",+1-948-283-7000,residential,2025-01-14
83,Jenna Thomas,"944 Watkins Skyway, East Victorfort, SC 55159",+1-999-213-6601x1853,commercial,2024-01-01
84,"King, Vasquez and Hill","3079 Wyatt Tunnel Suite 842, South Aaron, GU 15266",001-623-718-8447x8789,commercial,2024-07-28
85,Murphy Inc,"904 Ronald Ville Apt. 269, West Ronaldmouth, MO 14153",(470)283-7662,commercial,2024-06-21
86,Michelle Brown,"48475 Kristin Manors Suite 243, South Nathaniel, PA 61324",001-467-575-5424x09712,commercial,2023-11-30
87,"Dorsey, Schmitt and Bryant","42834 Rogers Landing, Alexanderbury, KS 15941",(385)824-4378x0958,residential,2023-08-25
88,Brittany Gallagher,"05804 Joshua Lake Suite 040, Littleville, MN 96658",(755)244-5377,residential,2024-12-07
89,"Chambers, Morales and Kirby","5976 Todd Throughway Apt. 592, South Bryan, IA 52698",722-604-3374,commercial,2025-04-11
90,Lance Ward,"0663 Jesus Groves Apt. 829, New Jesse, WI 14561",001-690-596-0278x2513,commercial,2025-03-28
91,"Chavez, Mcgrath and Anderson","2709 Gonzalez Way Suite 775, Harristown, NE 39847",001-655-334-9021x265,residential,2024-03-30
92,"Thornton, Wheeler and Leach","78614 Donald Mission, North Miranda, WA 48535",752-916-8771,residential,2024-12-13
93,William Thompson,"5169 Timothy Highway Apt. 834, New Sheena, OR 40156",001-290-433-8322x754,residential,2024-09-16
94,Stephen Moss,"143 Castillo Walk Apt. 093, Stevensmouth, DE 56713",001-585-584-7972,commercial,2024-12-19
95,Dominguez and Sons,"48351 Mark Brooks, Lake Samantha, KS 05215",966.984.5102,commercial,2025-06-06
96,Jeffrey Williams,"60170 Dunlap Pines Apt. 273, Sheppardside, PA 16528",(452)511-7294x68969,commercial,2024-10-06
97,Danny Carter,"5368 Alyssa Alley Apt. 892, West Danielleview, SD 66652",+1-304-683-7570,commercial,2024-08-25
98,Natalie Williams,"922 Conner Avenue, Richardview, NJ 80826",7039189362,residential,2023-08-30
99,Douglas Garcia,"538 Brewer Mountains, Lake Mary, SD 45024",(355)639-6080x24799,residential,2025-03-02
100,"Brown, Chan and Fry","6340 Gomez Valleys Apt. 277, West Morganburgh, WY 28258",7316561419,commercial,2025-06-04
101,Anne Orr,"Unit 2978 Box 8067, DPO AE 30047",001-794-879-1504,commercial,2024-10-07
102,"Brown, Mendez and Robinson","9682 Garcia Meadow, New Jermaine, OR 64619",638-924-9978,residential,2025-03-27
103,Kristina Pennington,"596 Andrew Center, Lake Jaredhaven, AR 02496",838.833.2000,residential,2024-05-12
104,Doris Romero,"027 Roberson Locks, Tamaramouth, PW 12240",7868542106,commercial,2023-09-05
105,"Potter, Sanchez and Schwartz","Unit 7039 Box 1857, DPO AP 03166",+1-853-448-5088x8841,commercial,2024-12-22
106,Samantha Davis,"9225 Gina Mission Apt. 833, Joshuaburgh, MD 98573",+1-607-829-6973x43006,residential,2024-01-29
107,Robert Harris,"578 David Ferry, Jenniferside, IL 83762",219.401.0228x55286,residential,2025-06-20
108,Hodges-Rodriguez,"534 Delgado Keys, Audreyton, PR 45525",353-922-3686x23190,residential,2025-04-19
109,Tiffany Eaton,"7015 Andrew Avenue, Wagnerburgh, UT 10196",789.292.1155x85706,residential,2024-07-04
110,Robinson Group,"USNV Graham, FPO AA 87988",+1-467-812-4245x8371,residential,2024-09-29
111,Jasmine Patterson,"316 Fitzgerald Light Suite 084, Markfort, FM 06087",9908960632,residential,2024-01-30
112,Walter Johnson,"0876 Lindsey Fork, Karihaven, TN 95100",(290)424-3575,commercial,2025-01-28
113,"Hall, Jones and Everett","23045 Amanda Common Suite 394, Riggsville, VT 72181",+1-888-935-5013x1792,commercial,2023-10-16
114,Bryan Smith,"9099 Dylan Fork, Vanessaville, PR 82326",(794)238-7345x5129,commercial,2024-11-23
115,Barbara Maldonado,"063 Morse Coves Suite 381, Ericafurt, IL 41962",275.488.0927x808,commercial,2025-05-02
116,Stephanie Fox,"7708 Joseph Park Apt. 806, Susanfort, MP 18123",604-574-5810x5982,commercial,2024-11-20
117,"Romero, Nguyen and Dalton","24533 Baxter Hill Suite 463, New Richardfort, FL 90450",616-855-4309,commercial,2024-09-28
118,Shaw Inc,"783 Ellis Springs, West Christopherland, IL 19972",+1-845-360-4336x376,residential,2024-09-15
119,"Hernandez, Cook and Humphrey","1803 Angela Passage Suite 445, South Stephanie, CA 26004",779-855-8308x75849,residential,2025-04-24
120,Johnston PLC,"7841 Jody Shoals, Linfort, WV 21749",608.372.0122x346,commercial,2025-04-13
121,Carter-Wilson,"925 Herrera Villages Suite 376, New Eugenestad, AL 32767",+1-722-738-8920x03346,commercial,2025-07-11
122,"Ortiz, Sandoval and Cherry","1114 Jorge Valleys, East Jessica, VT 04143",(302)383-6423x313,commercial,2025-02-21
123,Tammy Castro,"8411 Tiffany Union, South Keithland, GA 15731",001-667-903-0602x864,residential,2025-01-18
124,Kimberly Hicks,"11847 David Dam Suite 326, Andreafort, NV 80688",001-460-980-4113,commercial,2023-12-02
125,Michael Jordan,"Unit 1594 Box 2139, DPO AA 61314",691-860-2323x596,residential,2024-06-18
126,Gina Levy,"Unit 3090 Box 1153, DPO AE 27326",(596)618-5759x42096,residential,2025-07-12
127,Renee Doyle,"33529 Victor Squares Suite 882, South Jerryside, SC 63121",790-912-1709x0056,commercial,2024-12-27
128,"Ramirez, Rivera and Jones","Unit 7350 Box 6774, DPO AE 48073",555.292.9493,commercial,2023-07-29
129,Anthony Hughes,"Unit 2325 Box 5971, DPO AA 90602",5789589273,residential,2024-03-08
130,Brian Miller,"78139 Curtis Passage, West Suzanne, KY 94890",653-232-6468,residential,2025-02-18
131,Vazquez Inc,"49007 Donald Shoals, Higginsmouth, WA 66549",001-636-708-4974x20585,commercial,2024-07-06
132,"Brown, Pena and Smith","036 Jason Roads Apt. 253, Adamsbury, AR 41734",001-529-879-4111x94776,residential,2024-10-20
133,Amanda Armstrong,"11210 Shelton Expressway Apt. 945, South Michael, SD 31688",001-233-677-6487,commercial,2024-11-06
134,"Ryan, Edwards and Johnston","615 Isaac Estates Apt. 089, Parkerfurt, AS 77909",206-648-6308x43421,residential,2023-08-15
135,Kirsten Foley,"PSC 2527, Box 6564, APO AP 47247",661-758-7345x0599,residential,2025-05-23
136,Jonathan Miller,"PSC 6526, Box 5261, APO AP 24568",2414712245,residential,2024-03-02
137,"Lozano, Payne and Gonzalez","40756 Courtney Junction, South Sandraview, MN 76071",(644)309-6650,residential,2024-12-12
138,Kelly PLC,"30905 Tyler Valley, South Joseborough, PR 12099",001-348-332-0549,residential,2024-06-15
139,Julie Allen,"6189 Julia Loaf Apt. 335, Hartville, RI 87008",001-220-298-8788x47066,commercial,2025-04-24
140,Allen Cruz,"93226 Butler Heights, Mortonview, MS 29351",748-312-9761,commercial,2025-06-17
141,Isabel Rodriguez,"0142 Tiffany View Suite 793, Kristenfurt, HI 51803",654-615-4054x38583,commercial,2025-07-05
142,Patrick Black,"081 Morris Way Apt. 286, Port Williamfurt, WA 57498",(622)872-4512,residential,2023-10-26
143,Ashley Johnson,"762 Brandi Crest, East Crystal, OR 68890",+1-655-982-8600x86222,residential,2023-09-21
144,Curtis-Price,"0938 Julie Plains, New Timothyhaven, WA 40446",+1-959-211-9815,residential,2024-10-30
145,Dunn-Gross,"3579 Maxwell Groves Apt. 883, Sanfordville, CO 42935",818.334.7077,residential,2023-09-28
146,Nathan Walker,"415 Ryan Walks Apt. 807, North Michaelhaven, NJ 58402",894-742-6438,residential,2024-06-05
147,Hughes-Kramer,"5206 Farrell Field Suite 323, Lake Ashleybury, PW 03842",+1-592-689-1633,residential,2025-06-08
148,Patricia Hernandez,"178 Gilbert Mountain, Kennedystad, HI 09641",+1-982-957-1602,residential,2024-12-03
149,Jose Whitaker,"76841 Samuel Wall, Lake Beth, WI 80891",528.391.4046x954,residential,2024-10-08
150,Martinez LLC,"80777 Jorge Villages, Lake Davidmouth, MH 18644",526.208.4763x518,residential,2024-08-19
151,Joan James,"USNS Madden, FPO AP 59213",8796960899,commercial,2023-07-24
152,Chris Sullivan,"342 Daniel Corners, Edwardsview, ID 72967",613-246-5925x7879,commercial,2025-03-27
153,Thomas Robinson,"8472 Laura Overpass, Cantrellstad, MO 56123",402.609.5377x0855,residential,2024-05-25
154,Susan Riley,"979 Michael Alley, Port Rebeccamouth, OH 06677",774.874.3554,commercial,2024-11-30
155,Daniels and Sons,"6791 Angel Mills, Port Candicemouth, MI 78340",(807)334-4261x11461,commercial,2023-09-14
156,Spencer Bradford,"0767 Hartman Knoll Apt. 459, Port Brendan, OH 78229",(867)723-8614x0598,commercial,2024-03-19
157,Adam Stevenson,"3913 Mcbride Brook Suite 862, Lake Marthamouth, SC 96015",(793)688-3177,commercial,2024-09-18
158,Todd PLC,"9160 Phillips Expressway, East Jim, LA 53091",450-915-9200,commercial,2025-04-11
159,"Harris, Murphy and Bell","3530 Mcknight Vista, Reidport, CA 07354",+1-418-570-1630x33210,residential,2025-03-12
160,William Figueroa,"9301 Ali Isle, East Laurahaven, MH 47072",001-783-461-0496x04371,residential,2023-11-30
161,Yates Inc,"62830 Porter Pine, West Albertville, ME 82803",647.933.9550,residential,2024-08-06
162,"Clark, Burgess and Henderson","0892 Walters Meadows, Leville, CO 25224",379.242.1800x06257,commercial,2024-07-14
163,Keith Lang,"5124 Norma Ford, Rhodesbury, IA 55999",225.987.1426x13383,commercial,2024-10-18
164,Janet Moore,"070 Sandoval Stravenue, Lisamouth, MN 61950",794.472.1723x01410,residential,2024-11-28
165,Amy Ryan,"6225 Jason Drives Suite 315, Lake Eric, AK 65087",957-250-9417x45343,residential,2024-12-04
166,"Stephens, Thompson and Martin","12108 Daniels Island Apt. 845, Cookport, AZ 29169",001-555-806-8199,residential,2024-10-30
167,Jeremy Page,"545 Chapman Ramp, Angelicaland, VI 68917",241-761-9052x896,commercial,2025-07-21
168,Courtney Dickerson,"164 Hill Mountain, Gomezburgh, MP 52274",001-344-368-2258x4362,commercial,2023-10-05
169,Woods Group,"4411 Gonzalez Lock Apt. 709, Hansenshire, AR 31271",+1-386-592-2633,commercial,2023-09-15
170,Cunningham-Anderson,"74199 Miller Freeway Suite 330, Joshuamouth, OK 22863",847.360.8337x4023,residential,2023-12-30
171,"Porter, Mueller and Bennett","18577 Carter Isle Suite 767, South Paulfort, DE 73173",(957)214-6618x5669,residential,2025-02-26
172,Martinez LLC,"185 Dakota Turnpike, West Rachelburgh, NJ 52402",258.289.6581x068,commercial,2024-08-21
173,Paige Hansen,"2378 Scott Valleys, East Phillip, RI 03568",592.209.0404,commercial,2023-10-05
174,Robinson-Jackson,"51739 Carrie Groves, Robertville, NV 19160",370-604-3530,residential,2024-01-28
175,"Barr, Davidson and Clark","29599 Linda Drive Apt. 168, Cookside, AZ 87106",+1-428-919-3117x49073,residential,2024-08-05
176,Walker PLC,"3436 Jason Meadows, Lake Hector, RI 78301",001-486-500-5581x3276,residential,2023-08-27
177,"Thornton, Mcdonald and Foster","Unit 6950 Box 3784, DPO AA 58208",(443)206-1547x85639,commercial,2024-03-10
178,Hale LLC,"26749 Lisa Shore, East Ronaldhaven, UT 66066",001-824-357-9784x1539,residential,2024-04-03
179,"Robertson, Arellano and Barnes","284 Lee View Apt. 506, Lake Michaelbury, AK 62705",482-763-6067x18925,commercial,2024-12-19
180,Ashley Freeman,"469 Bennett Fall, Keyberg, MN 47872",295-982-2566x354,commercial,2024-03-14
181,John Strickland,"PSC 4462, Box 9605, APO AP 39775",+1-558-838-0209x99708,commercial,2023-09-06
182,"Gray, Perez and Erickson","875 Dana Place Suite 546, West Paulmouth, IL 22163",001-245-853-6223x6928,commercial,2024-05-18
183,Amanda Jones,"4206 Sheryl Bypass, Lake Erica, AR 60391",742-811-6185,residential,2024-09-27
184,Santos Ltd,"8199 Williams Lane Suite 806, North Ray, GA 84979",(997)874-4510,commercial,2023-10-24
185,Pruitt Group,"624 Hayes Mount, Morrisland, IA 92100",+1-325-990-5892x372,residential,2024-08-16
186,Allen Inc,"268 Carter Views Apt. 637, Bradleyhaven, NC 97309",749-678-2716x74262,residential,2025-05-29
187,Butler-Moore,"4852 Watson Manors, East Davidshire, NY 61679",+1-975-897-1818,commercial,2024-08-13
188,Christopher Hicks,"5931 Walls Plaza Suite 846, Bellfort, PR 79840",8037404563,residential,2024-04-02
189,Scott Fischer,"7727 Ronald Ridge Apt. 085, New Stephanie, VA 73947",001-433-464-3339x572,commercial,2024-04-08
190,Dennis-Phillips,"710 Henry Union Suite 031, Owensville, MS 66831",995-669-7675,residential,2024-06-11
191,"Owen, Stone and Pearson","9837 Hoover Road, Port Andrea, OR 90028",688-978-4651x667,commercial,2024-01-17
192,Henderson-Humphrey,"47789 Bowman Roads, East Jamieville, OK 71033",+1-408-753-3886,residential,2025-05-21
193,Alejandro Johnson,"0559 Ryan Shoal, Wyattmouth, MP 33770",330.275.5353,commercial,2025-02-07
194,Hannah Walker,"1279 John Forest Suite 257, Maryland, MI 16381",001-407-643-8680x119,commercial,2023-08-31
195,"Thompson, Silva and White","51960 Dylan Islands Apt. 400, Port Heathertown, VA 99545",001-243-375-2584x4928,commercial,2024-06-21
196,Craig Flynn,"7802 Darren Mountains, Patrickton, AK 10753",2937505928,residential,2024-02-07
197,"Gilbert, Sampson and Washington","168 Patrick Pike Apt. 802, Summersberg, AR 91456",430-670-6590x0013,commercial,2024-04-11
198,Jones-Robertson,"210 Garcia Freeway Suite 983, Michaeltown, IN 56089",948-221-1484x40618,residential,2023-09-03
199,Dunlap and Sons,"399 Nunez Springs, Port Jody, ID 72878",687-874-3878,commercial,2023-12-23
200,Roth-Moore,"1515 Rebecca Route Suite 667, Wongview, RI 56413",(757)506-6927,residential,2024-04-24
201,Jasmin Evans,"Unit 2885 Box 6216, DPO AP 96509",398-486-5803,commercial,2024-07-11
202,Anthony-Potter,"98966 Anna Plaza, Lake Robertfurt, KY 54783",(542)848-2449x540,residential,2023-07-26
203,William Hall,"833 Stephen Land Apt. 111, Lake Zacharyfurt, GU 94842",001-947-345-7602x7398,residential,2024-09-11
204,Leslie Lopez,"016 Anthony Shores Suite 893, Julieview, WI 55088",001-321-452-0203x10864,commercial,2025-07-10
205,Duffy-Holland,"1191 Troy Fork Suite 279, North Jenniferstad, MS 17420",+1-643-844-7454,commercial,2024-09-20
206,"Warner, Drake and Baker","835 Wong Ways, East Penny, UT 41313",(474)293-7309x17934,commercial,2024-02-15
207,Clinton Thomas,"PSC 4540, Box 7229, APO AE 91362",(475)448-3671,residential,2023-12-26
208,Kyle Miller,"440 Peterson Creek, North Courtney, MI 89975",001-898-403-8167x344,residential,2024-09-21
209,Lewis Inc,"125 Amanda Knolls, New Jessicafurt, SD 13750",(350)539-5402,residential,2024-11-24
210,Paula Logan,"PSC 3652, Box 8382, APO AA 03904",749-778-4184x0467,residential,2023-09-15
211,"Herman, Tate and Short","11959 Megan Court Suite 198, New Heidi, MO 65119",979.856.8509x70655,residential,2025-05-14
212,Perez and Sons,"71662 Brent Orchard, North Rachelmouth, AZ 10475",+1-350-545-8136x506,commercial,2024-09-07
213,Crawford LLC,"10062 Jackson Lights Suite 465, Wayneberg, MN 18087",305.896.9124,commercial,2024-10-04
214,Anna Boyer,"Unit 9871 Box 7322, DPO AA 39098",(910)448-3181x164,commercial,2024-02-05
215,"Patton, Abbott and Powers","735 Fletcher Locks Apt. 949, Danielview, AL 28120",916.895.0406,residential,2025-06-13
216,Rebecca Erickson,"Unit 5520 Box 4145, DPO AA 96080",(319)707-0597,residential,2024-12-08
217,Bailey-Jones,"5684 Michael Mount Suite 945, Jamesside, PW 88390",950.895.9624x09609,commercial,2024-01-15
218,"Davis, Nelson and Gonzalez","6460 John Stravenue, West Timothy, NV 29767",458-878-2234,residential,2025-07-20
219,Peterson-Daniels,"9493 Ashley Forest Suite 140, North Sarah, SD 41616",001-701-240-0891,commercial,2024-03-16
220,"Martin, Montgomery and Barron","412 Ochoa Cliffs Suite 094, Jennaborough, IN 43145",+1-788-529-4382,commercial,2024-02-15
221,Joseph Blackwell,"173 Villegas Pine, Currystad, VT 80052",+1-897-866-5361,residential,2025-02-07
222,Hartman-Williamson,"7241 Lee Common Suite 876, Sandraborough, ND 42488",752-891-8273x64986,commercial,2025-04-16
223,Alvarez-Johnson,"20788 Hudson Summit, New Jodyshire, WI 59134",3337155800,commercial,2023-10-20
224,"Zimmerman, Frost and Herrera","89191 Roberts Roads Apt. 118, Port Michael, AL 25530",7247073210,residential,2024-03-14
225,Mcbride and Sons,"82148 Tara Village Apt. 582, Sharonmouth, GA 49693",(479)478-7394x3737,commercial,2023-09-06
226,Stewart Ltd,"777 Walker Mall, Jennifermouth, MP 42390",001-399-532-6927x6579,residential,2024-09-13
227,"Kramer, Murphy and Walters","88843 Velez Park Apt. 427, South Jacqueline, WY 60801",001-738-642-9773x159,commercial,2023-08-21
228,Joseph Lopez,"87271 James Underpass Suite 254, New Tiffany, NM 39340",(746)679-6661x3241,commercial,2024-05-13
229,Wilson Ltd,"1480 Katherine Skyway Apt. 352, Lake Makaylaborough, VT 77087",470.926.9970,commercial,2025-05-23
230,April White,"17863 Isaac Freeway Suite 787, Matthewbury, OK 56700",(867)552-1573x26907,residential,2024-11-05
231,Leslie Jenkins,"985 Scott Mission Suite 142, North Jill, OK 40197",346.744.4231,commercial,2024-06-07
232,Schneider-Strickland,"30083 Trevor Mission Suite 135, Osbornetown, WV 41653",+1-607-784-9546x08715,commercial,2023-12-17
233,"Reyes, Vargas and Shea","614 Carroll Square Suite 837, North Wendyburgh, WY 33929",+1-439-978-7191x2413,commercial,2024-01-13
234,Osborn-Ho,"4860 Sheri River Suite 463, Mooreburgh, NM 61957",235-474-3707x46056,residential,2025-06-23
235,Carter-Byrd,"4140 Dominique Creek, Kellyborough, GA 51894",(729)614-7025x76368,residential,2023-08-14
236,Heath Inc,"9414 April Park Apt. 667, Johnsonfort, TX 65210",(286)810-6362,residential,2024-11-03
237,Ryan Rivera,"4735 Rebekah Lane Apt. 629, Richardburgh, NM 90986",400.378.0569,commercial,2025-02-01
238,William Duke,"101 Osborne Plaza, Christensenchester, VT 22175",638-800-9685x798,commercial,2023-12-14
239,"Merritt, Lewis and Mays","8204 Nelson Harbor, Duranbury, DE 65659",661-283-7416,residential,2025-04-26
240,"Holland, Drake and Roach","USCGC Horne, FPO AE 71561",+1-945-315-7726,residential,2024-02-15
241,Martin Group,"USNS Briggs, FPO AA 27875",518.257.3020,commercial,2024-11-12
242,Dr. Thomas Marsh PhD,"418 Kimberly Mountains, East Randallbury, ND 09861",(258)215-0093x9512,residential,2025-03-22
243,Richards-Chen,"4825 Sara Freeway, South Lisashire, IA 06777",(376)487-9425x7440,commercial,2024-01-09
244,Jonathan Larson,"81949 Andrea Pine, East Ronnieshire, VI 79311",744.411.8085x6512,residential,2024-01-18
245,Claire Walters,"USCGC Baker, FPO AP 80865",(268)292-2324,residential,2025-01-15
246,"Maxwell, Castaneda and Davis","507 Logan Freeway, Port Deborah, AL 01367",499.605.3870x1575,commercial,2024-07-17
247,Perkins-Swanson,"471 Taylor Island, Joshuatown, MI 82776",+1-896-350-2509x4668,residential,2024-10-15
248,"Fitzgerald, Rios and Howard","6993 Angela Fort Apt. 147, Hillhaven, NC 48396",8037952069,residential,2025-05-01
249,Petersen-Copeland,"2928 Matthew Orchard, Jeffreyshire, AL 71306",001-868-326-1240x33958,commercial,2023-12-01
250,Kathy Ruiz,"PSC 8925, Box 4708, APO AA 17947",889-423-8417,commercial,2024-06-10
251,Carlos Lam,"67215 Ellis Mission, West Michael, FM 57325",001-944-231-4084x482,commercial,2024-12-18
252,"Anderson, Sandoval and Walsh","Unit 4872 Box 0616, DPO AP 60099",6004858033,commercial,2024-02-18
253,Jenna Perez,"66904 Nguyen Junction, West Tammie, AZ 79732",2408807142,commercial,2025-05-27
254,John Taylor,"1779 Harris Wells, Sandraburgh, PA 60436",623-469-1012x110,residential,2025-06-13
255,Kelly Flynn,"618 Kim Dam Suite 020, South Briantown, IN 97722",(757)419-7745x7083,commercial,2023-08-30
256,Vincent Kerr,"97740 Andrew Squares, North Janet, GA 37015",3445550453,commercial,2025-07-06
257,Eugene Bright,"698 Alison Isle Suite 040, Mooreview, AS 40154",899.751.6185x33139,residential,2024-12-25
258,"Wilson, Porter and Conley","15438 Hansen Plains Suite 130, Lake Benjamin, AL 52991",269.821.6271x23560,residential,2025-03-14
259,"Perry, Kelley and Coleman","827 Michael Pines Suite 853, Granthaven, FL 80506",640-730-0140x3915,residential,2025-02-01
260,Christopher Beard,"64221 Toni Prairie Apt. 707, East John, PW 35020",480.522.6015x716,residential,2024-06-28
261,Riley-Walton,"4534 Salinas Centers, Marksborough, AL 43426",407.549.3863x382,commercial,2025-03-10
262,James Brown,"4463 Linda Drive Apt. 662, West Feliciabury, PW 32953",(883)401-8306x812,residential,2024-11-02
263,Martinez Inc,"USNS Bond, FPO AA 42111",6702764230,residential,2023-09-19
264,Carter Inc,"23787 Kathleen Squares, Yoderland, CA 85584",(218)262-1450x685,commercial,2023-08-12
265,Nicole Stone,"783 Velazquez Islands, Lyonsville, WV 60843",+1-203-730-2800x95235,residential,2025-02-05
266,"Duncan, Nguyen and Knight","PSC 6047, Box 5612, APO AA 53684",+1-706-434-9096,residential,2024-07-03
267,Beverly Adams,"71384 Williams Course, Houseborough, OH 82148",+1-414-525-8147x260,commercial,2024-10-03
268,"Kelly, Miller and Chapman","47435 Andrew Ridges Suite 279, West Brucefurt, FL 94546",(965)277-9481x22754,residential,2023-10-28
269,"Olson, Kelly and Thomas","27652 Chris Cliff, Chelseashire, MN 94153",(256)768-5336,commercial,2024-03-01
270,Lewis PLC,"601 Williams Motorway, Brandonport, NH 10117",9594589418,commercial,2024-11-25
271,"Lee, Sandoval and Cooper","38107 Kaufman Avenue, West Andrea, NC 03418",+1-413-698-4422x4493,commercial,2025-04-24
272,Robin Macdonald,"929 Riley Locks, Brownport, UT 59370",001-303-639-9923x2980,residential,2023-10-19
273,Robert Fletcher,"069 Jessica Mount, South Staceyburgh, NJ 00581",+1-519-363-2913,residential,2023-10-24
274,"Williams, Cooper and Liu","157 Moore Spurs, South Krista, ME 62391",001-348-989-8260x33463,residential,2024-12-02
275,Smith-Daniel,"268 Harvey Course Suite 343, Lake Tonyashire, ID 77910",+1-247-236-4132,commercial,2024-09-05
276,"Richardson, Allen and Velasquez","756 Cox Loaf Suite 511, East Lynn, KY 01874",825.333.0522x3550,residential,2024-08-27
277,Jaime Robinson,"576 Murphy Place, North Davidburgh, ND 59674",337.892.8779x92843,residential,2025-04-09
278,"Blevins, Atkins and Harrison","561 Veronica Lights Suite 983, Davisstad, AK 96260",305.924.9386,commercial,2023-10-28
279,"Castillo, Stanley and Owen","2151 Thomas Oval, Nicolefurt, AK 12844",7335233027,residential,2024-12-12
280,Brooks and Sons,"041 Brown Junctions, New Elizabethmouth, WA 53830",(231)649-6045x483,residential,2024-12-15
281,Frances Lynch,"2534 Frazier Passage Apt. 910, North Cynthia, VA 66914",661.260.9772x07200,residential,2024-02-01
282,Sarah Nelson,"25465 Robertson Cliff Apt. 733, Rangelview, MO 74336",7553765746,commercial,2024-07-16
283,"Fernandez, Rogers and Bowman","69299 Zachary Ford, Deniseland, NH 99815",001-411-387-0870x00812,residential,2024-09-26
284,Lindsey Sullivan,"511 William Summit Suite 703, Bradfurt, MS 43755",530-912-7131,residential,2025-06-19
285,"King, Castro and Hernandez","860 Kristi Gateway, Briannaberg, MP 47044",+1-767-257-8412x20435,commercial,2025-07-08
286,Andrea Gallagher,"941 Perez Villages Apt. 920, East Barry, KS 24146",(410)907-6691,residential,2024-04-07
287,Maldonado PLC,"017 Cindy Bypass Suite 330, South Maxwellstad, WY 89509",395.916.7062,residential,2024-11-20
288,Brooks Ltd,"00386 Phillip Dam, Garciafurt, ND 98405",6934154972,residential,2023-09-29
289,Cummings-Wells,"17077 Perez Villages Apt. 257, South Darrell, HI 02189",+1-576-992-5778,residential,2024-06-20
290,"Martin, Bell and Martinez","1663 Amy Freeway Apt. 397, Margaretberg, MP 90626",909-992-2747,commercial,2023-10-15
291,Sanders PLC,"88487 Cody Summit, North Kimberly, DE 94805",(491)296-0248x37622,residential,2025-03-09
292,Matthew House,"92740 Barajas Squares Apt. 162, Port Anthonyberg, IA 65780",001-213-265-0196,residential,2023-10-17
293,John Nguyen,"8341 Serrano Mall, Dustinport, FM 68365",942-593-9206x85801,residential,2025-04-26
294,"Johnson, Fernandez and Jennings","65139 Moran Crescent, Lopezside, NY 07500",979-809-2608x02225,commercial,2025-02-21
295,"Bryant, Michael and Wyatt","Unit 2592 Box 1496, DPO AP 90387",7858855124,commercial,2023-12-20
296,Ferguson Ltd,"19237 Smith Gateway Apt. 822, West Jorge, NY 43397",+1-464-384-7169x76488,residential,2024-05-09
297,Powers and Sons,"6413 Gregory Parks Suite 611, Williamsmouth, NC 61674",494.230.6517,commercial,2024-06-18
298,Weiss LLC,"01191 Jennifer Highway Apt. 691, Chapmanburgh, DE 82209",001-529-659-6743x1693,commercial,2025-04-04
299,Nicholas Gonzalez,"522 Manning Junction Suite 977, Stevenfurt, KY 01897",3708366544,residential,2024-10-08
300,Taylor LLC,"816 Alvarado Mountains Apt. 975, Melissaside, MA 91589",(220)339-4148x733,commercial,2024-12-05
301,Lee PLC,"063 Cody Crest, East Jacobshire, AS 17149",001-803-726-2222x10145,residential,2025-05-18
302,"Harris, Calhoun and Jennings","PSC 3930, Box 5466, APO AP 27163",5939594657,residential,2023-09-10
303,Jose Reid,"01114 Reynolds Prairie, Donaldburgh, OH 33886",(498)994-8841x40488,residential,2024-08-13
304,Joseph Dunlap,"PSC 8967, Box 4682, APO AA 80565",960.246.8226x085,commercial,2025-06-02
305,Webb LLC,"684 Jessica Corners, Haydenmouth, MH 09734",279-816-0596x11794,residential,2024-06-03
306,Taylor and Sons,"78507 Heather Valley, Westton, OR 45611",+1-515-522-7388,commercial,2025-05-30
307,Thompson-Crawford,"5460 Valerie Ridge Apt. 294, Pageside, OR 55018",221.613.8448x023,residential,2024-06-05
308,"Torres, Jennings and Gonzales","46096 Kaitlyn Cove Apt. 620, Bryanmouth, NY 37044",(362)339-7686,residential,2024-12-31
309,"Foster, Anderson and Ayala","USNV Williams, FPO AA 48584",453-355-3269x02976,residential,2024-07-30
310,Laura Garcia,"USCGC Smith, FPO AE 55502",(552)675-2664x305,commercial,2023-11-14
311,William Fitzgerald,"58291 Cindy Lakes, Michelleland, MO 59025",001-255-261-0175x7420,commercial,2025-05-18
312,Rodriguez-Burgess,"974 Jerry Pines Suite 049, South Aaronborough, MA 32439",+1-793-439-2448x5127,residential,2024-08-27
313,Duncan LLC,"6407 Henderson Union Suite 183, Cortezbury, AR 09930",(722)217-3055x3045,residential,2024-09-19
314,Terry Adams,"9837 Wise Neck Apt. 330, Lake Melanie, SD 64409",001-323-668-0108x4492,commercial,2025-04-19
315,Ryan Johnson,"Unit 8986 Box 0933, DPO AE 09286",(828)914-4977,residential,2024-08-15
316,Kelly Durham,"90824 Emily Shoals Suite 975, Mitchellland, VA 31359",001-297-899-7936x5062,commercial,2024-06-24
317,Rodriguez-Lewis,"60570 Robertson Forges, West Isaac, OH 41453",988.597.1603,residential,2023-12-14
318,Ashley Russell,"293 John Drive, North Marytown, NM 92840",001-270-677-7773x47889,residential,2025-06-24
319,"Nelson, Acevedo and Patton","579 Dixon Ville, Barnettview, WY 70957",445-284-5355x4688,commercial,2023-08-11
320,Isaac Mcpherson,"698 Roberts Unions, North Georgeburgh, IN 79900",900.350.5392,commercial,2023-09-04
321,Thomas and Sons,"905 Haynes Hollow, East Tyler, AL 56597",960-445-0404x4728,commercial,2024-03-09
322,Sarah Reyes,"3545 Paul Stream, Michaelview, SD 54281",001-795-472-7417x16959,commercial,2025-01-01
323,Angela Black,"Unit 9358 Box 5541, DPO AA 64806",+1-310-259-3370x9751,commercial,2024-02-12
324,Jonathan Hernandez,"PSC 3267, Box 9350, APO AA 89640",+1-748-523-2190x3979,commercial,2025-07-02
325,Ayers-Martinez,"914 Robinson Ways Suite 321, Marquezbury, ME 16973",+1-343-465-7655x309,commercial,2024-10-25
326,Kaitlyn Pierce,"203 Heather Overpass, Port Hannah, UT 53587",575-686-3516,commercial,2023-10-04
327,Hunt PLC,"477 Darlene Wall Apt. 255, Jessicaton, OR 20551",337-398-3907,residential,2023-10-26
328,Glenn Taylor,"6987 Thomas Lights, Moraland, SC 37563",586.583.8902x3701,commercial,2023-09-22
329,"Johnson, Ellison and Mueller","640 Fisher Mall, Port Kimberlyview, RI 19293",+1-456-980-6562x526,commercial,2024-10-12
330,Franklin-Young,"0871 Austin Walks, Davidfurt, CA 31354",931.306.9597x76849,commercial,2024-02-09
331,Michael Flynn,"3385 Stephens Locks Apt. 706, Nathanielborough, KY 78429",522-642-2191,residential,2023-08-19
332,Townsend-Wilson,"19780 Cardenas Loop Apt. 029, South Beth, MA 84365",378.411.9822x907,commercial,2024-12-18
333,"Hines, Reid and Fields","USS Warren, FPO AE 39098",(762)948-0659x48006,commercial,2024-08-16
334,"Morales, Gross and Johnston","004 Richardson Shores Suite 822, Stewartside, LA 20524",+1-990-911-7466,residential,2024-05-18
335,Cisneros LLC,"522 Williams Mills, Port Jessicatown, FM 36644",001-936-462-2484x101,residential,2024-09-19
336,Alyssa Morgan,"15922 Daniel Creek, Charlesshire, WV 81884",624.443.5281,residential,2024-11-21
337,Miller-Wilson,"9342 Stephanie Inlet Apt. 961, North Jessicafort, UT 08206",001-786-341-4434,residential,2023-12-31
338,Jesse Vaughn,"933 Hensley Ways Apt. 517, Allenborough, AS 70052",630.211.1678x6971,commercial,2024-03-30
339,Hansen-Bright,"65260 Donna Mountains, North Juan, MD 86566",(443)697-0330x3401,commercial,2024-12-08
340,"Short, Perez and Cobb","17551 Huang Heights Suite 472, Jessicaside, IA 29140",494.215.2496x20859,residential,2024-07-13
341,Tyler Carson,"556 Christopher Motorway, Serranobury, KY 13822",601-220-3527,commercial,2025-05-26
342,Martin Ltd,"6517 Mary Hills, Santostown, TN 31402",845.858.0936x1157,residential,2023-09-15
343,Seth Chavez,"27125 Melissa Road, Jillstad, AK 11496",+1-413-701-8313x875,residential,2023-12-13
344,Dawn Duran,"523 David Drives, Brandonchester, LA 82979",713.242.4805x8127,commercial,2024-12-04
345,Briana Reeves,"4109 Bradley Loop, Beanport, NC 59905",(282)809-8089,commercial,2024-01-26
346,Curtis Jones,"48252 Obrien Flat Suite 593, Brentbury, CT 85902",+1-403-400-6464x5631,commercial,2024-07-13
347,"Mcgee, Mercado and Wilson","9385 Brandi Grove Apt. 214, Danaville, NM 31628",933-304-8546x8671,commercial,2024-08-05
348,Jennifer Huff,"699 Ronald Run, Christiefort, KY 95401",330.958.3473x90132,commercial,2024-09-01
349,"Rosario, Gardner and Sosa","3839 Karen Expressway Apt. 041, Amandaport, MP 29893",+1-554-713-7307,commercial,2023-08-03
350,"Johnston, Ross and Hinton","51822 Dennis Alley, Turnerton, PW 88658",+1-524-540-2807x5225,commercial,2025-01-28
351,Williams-Summers,"7682 Crystal Forks Suite 641, North Josephland, GA 72502",510.278.9454x786,residential,2024-06-27
352,Thomas Thomas,"034 Cox Common, Garciaview, MI 19414",+1-820-901-1060x9816,residential,2024-07-10
353,Conrad and Sons,"74194 Tommy Passage Suite 463, Valdezhaven, PA 49017",793.208.2330x112,residential,2024-09-22
354,Adam Anderson,"02740 Jimenez Ways, Jessicaside, IA 11883",466.448.2881,commercial,2023-11-12
355,Conner LLC,"3784 Robert Turnpike, Wilsonmouth, KY 14081",+1-689-730-5683,residential,2024-11-27
356,Cooper-Brown,"4928 Brown Court, Susanchester, MN 57301",806.759.5398x24021,residential,2023-12-20
357,Huerta LLC,"78437 Garrett Mountain Suite 378, Amychester, VI 65149",+1-483-491-9651,commercial,2025-05-26
358,Deleon-Hughes,"Unit 0024 Box 5912, DPO AE 40702",(712)930-4010,residential,2025-03-21
359,Mcdonald Ltd,"PSC 7844, Box 7374, APO AP 45920",4324255065,residential,2024-12-30
360,Amy George,"PSC 3477, Box 0220, APO AA 92213",001-488-212-6328,residential,2025-03-05
361,Jennifer Rowe,"625 Hernandez Wall Suite 003, Crawfordbury, UT 08930",(209)921-5350,commercial,2025-02-15
362,"Hopkins, Hayes and Carter","5455 Cole Ridge, Kyleton, ND 12395",(739)712-9294,commercial,2024-11-05
363,Skinner Group,"764 Zamora Brooks, New Michael, IA 86061",787-504-1975,commercial,2025-03-29
364,John Harris,"708 Ryan Centers Suite 277, Jeffreymouth, TN 00959",001-920-782-8962,residential,2023-09-10
365,"Arnold, Andersen and Alvarez","38713 Kaitlin Parks, Mitchellshire, SD 70703",706.354.7511x64453,residential,2024-07-08
366,Rivera-Sloan,"1687 Bobby Ports Apt. 498, Rachelmouth, MS 83801",(694)773-2750x935,commercial,2024-06-07
367,"Blake, Bennett and Wilkinson","33246 Moore Walk, Port Joefort, TX 66321",4853617793,residential,2024-04-06
368,Maurice Brooks,"4925 Andrew Pike Apt. 683, North Edwardtown, WA 09390",7956875967,residential,2024-02-05
369,Clarence Powell,"1384 Nelson Mission, Maciasside, VA 76822",376.476.8617,commercial,2024-02-28
370,Chelsey Simmons,"2023 Torres Divide Suite 258, South Jimmyfort, AL 24164",(698)398-0767,residential,2024-12-14
371,Micheal Hull,"3649 Tiffany Port Suite 234, Lake Steven, WY 91347",5134222313,residential,2025-07-04
372,"Jones, Martinez and Mclaughlin","457 Elizabeth Causeway Suite 863, Cobbfurt, VI 74575",(364)675-2132,commercial,2023-10-21
373,Wright-King,"USCGC Hobbs, FPO AA 28720",9394667949,residential,2023-09-14
374,Larson Ltd,"95700 Timothy Square Suite 225, Monicamouth, PR 63810",510.822.1560x1766,residential,2025-05-12
375,Brian Wallace,"5591 Arroyo Parkways, North Cassandra, WI 34398",556.981.8916,commercial,2024-02-09
376,"Lyons, Anderson and Fleming","Unit 6184 Box 0903, DPO AE 40874",(370)327-9847x24146,commercial,2025-02-12
377,"Avila, Dawson and Hernandez","6807 Holmes Ferry Apt. 131, East Travisfurt, CT 75786",5087027083,residential,2023-10-30
378,Christina Martin,"891 Patrick Mountain Suite 103, East Anthonychester, PA 54802",(645)685-7017,residential,2025-05-12
379,Cameron Fischer,"64832 Banks Creek Apt. 739, Michelefurt, NJ 55139",602-833-6898x7477,commercial,2025-04-23
380,John Tucker,"1313 Avery Points, Lake Pamelaborough, KY 32556",993-795-2998,commercial,2024-01-09
381,Mills-Mills,"38877 Chris Pine Apt. 751, Lake Deannafurt, OK 20177",672.964.9989x2112,commercial,2025-03-15
382,"Smith, Salazar and Bridges","8432 Gabriela Ridges Apt. 325, Lake Brianshire, NM 34010",6439405071,commercial,2023-08-31
383,Todd Mendez,"567 Martinez Groves Suite 712, Port Charlesland, NJ 30518",383.251.5078x2584,residential,2024-01-25
384,Roth-Potter,"35446 Ashley Station, Stantonland, AZ 99411",(612)540-5076x405,residential,2025-03-22
385,Martinez-Martinez,"857 Adams Pine, Laurenfurt, CO 31935",(958)512-1998,commercial,2024-01-16
386,Robinson Group,"066 Francis Spurs, North Brittanyside, DC 69723",646-406-7506,residential,2025-02-24
387,Brenda Spencer,"571 Jane Manor, Lake Rachelfurt, HI 28937",(762)248-8071,residential,2024-07-01
388,Stephanie Lamb MD,"529 Rivera Mount Apt. 783, Ericmouth, WV 52563",620-912-2745x53636,residential,2025-05-31
389,Timothy Bender,"016 Howard Way Suite 349, West Shannonchester, WY 55686",789-396-2977x52202,commercial,2024-07-03
390,David Gilbert,"089 Willie Rapid Suite 293, Port Robert, IN 41857",247.201.4046x723,residential,2023-10-30
391,Michelle Nichols,"4202 Anderson Locks, Keithstad, MS 47864",299-487-7911x8134,commercial,2024-07-29
392,Christina Ramsey,"813 Garrett Cliffs, Lake Karen, VI 42863",001-537-919-2718x057,commercial,2023-09-11
393,Krystal Roy,"930 Cervantes Drive, Changmouth, PW 37589",692-809-4400x68891,residential,2023-11-21
394,Philip Sims,"0627 Levine Landing, North James, GA 98557",282-912-8652,commercial,2024-08-18
395,Frederick Jimenez,"767 Matthew Garden Apt. 311, West Courtney, GU 14624",336-264-4640x5913,residential,2024-01-07
396,Jamie Watkins,"029 Bradley Path Suite 261, Port Wendyhaven, MN 19541",904.968.1094x581,residential,2024-09-21
397,Joel Moreno,"Unit 0061 Box 1774, DPO AP 80343",001-815-328-5769x489,residential,2024-03-20
398,Robert Harper,"71848 Tara Court Suite 537, Port Brandyview, AR 92158",+1-943-259-6415x67503,commercial,2025-05-07
399,Mendez-Davis,"8304 Nicole Isle, East Catherine, AS 84168",+1-699-434-1130x71685,residential,2025-07-13
400,Amanda Long,"54243 Jeremy Roads Suite 427, Villanuevaport, NM 16008",+1-519-304-1795x44810,commercial,2024-12-31
401,Gwendolyn Jones,"470 Wong Valley, Jenkinsbury, MN 43981",279.671.4718x5972,commercial,2023-12-21
402,"Thomas, Davis and Alvarez","7543 Laura Causeway Apt. 880, South Adam, UT 78934",+1-438-983-2166x59089,residential,2025-02-18
403,Ashley Yu,"0076 Jasmin Orchard Apt. 310, North Amanda, OH 96724",8756579255,residential,2023-11-16
404,"Fox, Foley and Franco","57625 Charles Canyon Suite 866, Deannaberg, CA 22190",3456734032,residential,2024-08-05
405,Cody Hayes,"3988 Wyatt Club Apt. 686, Brianfurt, PW 98090",001-866-590-1464x54157,commercial,2024-04-18
406,Brown-Guerrero,"30766 Hawkins Circles, Paulberg, GU 25221",236-899-2862x3467,commercial,2024-09-22
407,"Barnett, Carney and Crawford","49635 Ronald Vista, Phillipsland, PW 66499",001-543-883-5180x07390,residential,2025-06-05
408,Tim Herrera,"8337 Renee Inlet Apt. 313, North Michaelview, KS 54153",370.976.6791,commercial,2023-11-17
409,Walker Group,"50288 David Square Suite 499, West Annaton, ME 37564",001-277-828-5933x4622,residential,2023-12-02
410,Lisa Edwards,"38900 Phillips Lake Suite 546, Hardintown, ID 86445",458.586.7254,commercial,2025-01-06
411,Harold Walker,"1573 Weaver Port Apt. 907, West Debbiefort, AR 22531",204-354-3229x6591,residential,2024-04-01
412,Smith-Hall,"33589 Robin Hollow Suite 943, Garciachester, VI 32782",813.766.1102x8358,commercial,2024-10-22
413,Raymond Phillips,"174 Chavez Village Apt. 145, South Timothyland, ME 79302",001-353-212-8019x8988,residential,2024-02-01
414,Cochran-Bowers,"0154 Morgan Path, Foleychester, WY 97896",(940)217-5173x505,residential,2025-06-21
415,Victoria Perez,"25568 Michelle Junctions Suite 687, North Crystaltown, MD 97310",827.239.1973x8258,residential,2024-06-01
416,Ruiz PLC,"625 Christopher Roads, Kyleport, DE 75272",+1-543-240-2253x4716,residential,2024-02-08
417,Charles Rose,"2187 Andrea Cove, New Brandontown, VA 59625",+1-913-231-7290x209,commercial,2025-04-29
418,Richard-Braun,"95301 James Court, Jonesfurt, OK 09903",2646058421,commercial,2025-02-12
419,Marvin Osborne,"05717 Michelle Manor Suite 784, Meganton, MI 26665",215-548-5945,residential,2023-09-01
420,Sheri Contreras,"15342 Tina Square Apt. 927, Port Davidshire, OR 47280",589-322-4539x76282,residential,2025-07-21
421,Jesse Nguyen,"136 Ritter Mount Suite 829, Lake Chadburgh, NM 02766",+1-477-669-5770x557,residential,2023-09-18
422,Anderson-Scott,"147 Thompson Creek, West Nathan, NC 37072",693-609-8031,commercial,2023-12-23
423,Jesse Fitzgerald,"PSC 2856, Box 7890, APO AE 19206",001-780-484-3508x9221,commercial,2025-07-21
424,"Davis, Jones and Collins","121 John Lakes Apt. 889, Brownview, AL 34391",7188945039,residential,2024-02-09
425,James Vaughn,"069 Daniel Prairie Apt. 298, Williamstown, AK 28186",757.685.1166x81408,commercial,2025-03-30
426,"Foley, Bishop and Bird","87114 Spencer Rest, West Bryanmouth, CT 90640",+1-841-336-6204,commercial,2024-02-02
427,Susan Watson DDS,"26172 Conner Village, Port Chadfort, CA 72342",+1-335-541-2816,commercial,2024-01-09
428,Patel LLC,"24285 Jones Crescent Suite 191, West Madisonshire, AS 62061",001-428-870-1545x4155,residential,2024-11-10
429,Edward Stewart,"182 Steve Islands Apt. 671, East James, MD 86434",489-359-9918x5105,commercial,2024-04-09
430,Sean White,"35982 Jasmine Harbor Apt. 421, Karenburgh, NJ 98076",001-566-965-8307x51464,residential,2024-09-20
431,"Anderson, Murphy and Bass","Unit 3999 Box 6538, DPO AE 26142",001-488-789-7645x1368,residential,2024-01-17
432,Theresa Brown,"6423 Price Glen Apt. 216, West Matthewchester, CO 51784",398-283-2130x9459,commercial,2025-02-09
433,Hannah Navarro,"USNS Kelley, FPO AP 42707",+1-918-863-2849x74130,residential,2024-07-31
434,Vanessa Wolf,"8300 Martinez Pike Apt. 849, New Molly, ME 55276",939.997.0261x9205,residential,2025-01-03
435,Heather Ramsey,"1225 Victoria Plains Suite 575, East Jill, DC 77308",001-750-257-8625x0919,residential,2024-10-21
436,Mclaughlin-Ramos,"97665 Elizabeth Mission, New Theresaside, KY 59304",(772)454-5031,commercial,2024-09-26
437,Diane West,"4674 Humphrey Forks, Heathstad, AK 14929",3745755796,commercial,2024-04-23
438,Tom Tapia,"923 Jonathan Circles Apt. 447, Christophertown, FM 32074",6108933040,commercial,2024-04-25
439,Lynn Deleon,"Unit 4384 Box 9948, DPO AE 98369",764-709-7284x69712,commercial,2025-02-22
440,Luna Ltd,"677 Banks Stravenue, East Patrick, HI 88375",986.720.7086x994,residential,2025-06-01
441,James Cook,"USNV Ward, FPO AA 51326",297-469-1350x2014,residential,2024-09-28
442,Jennifer Mccoy MD,"89231 Williams Mission, New Johnathan, WA 79103",421.668.4532x947,residential,2025-02-28
443,Jessica Hubbard,"4403 Roberts Village Apt. 651, Maciasshire, AK 74151",833.248.1561x47310,commercial,2025-06-02
444,Amanda Kennedy,"13217 Collins Terrace Apt. 511, South Peterstad, DE 11865",853.922.3769,residential,2024-10-12
445,Vincent-Bryan,"47295 Michael Port, New Nataliechester, GU 41083",(894)974-4483x8590,commercial,2024-06-26
446,Andrew Baker,"22718 Byrd Spring, Jessicaside, NE 05186",(864)495-3049,commercial,2023-09-18
447,Wheeler Inc,"303 Smith River Apt. 769, West Hectorshire, NV 95249",843.378.3172,commercial,2024-06-11
448,Gonzalez-Martinez,"01980 Lopez Centers, Kaylaburgh, AR 01257",282.498.9466x294,residential,2025-03-16
449,Ayers Ltd,"657 Murphy Ways Suite 380, Angelaberg, MT 31912",779.259.6347x45098,commercial,2024-11-04
450,Michael Greene,"624 Haynes Drive, Alanview, IL 53796",862.783.7605x51061,commercial,2024-07-16
451,"Bridges, Gomez and Cole","0584 Espinoza Crest Suite 084, North Bryan, ND 75209",+1-942-598-1909,commercial,2025-06-06
452,James Alvarez,"702 Randy Prairie Suite 339, South Kristin, WA 96508",346.984.5021,residential,2024-02-05
453,Sandra Price,"Unit 3650 Box 1764, DPO AE 34362",+1-684-600-9728x06097,commercial,2024-04-25
454,Barton PLC,"7067 Eric Tunnel Suite 437, Randallville, TX 81447",(453)851-8122,commercial,2025-04-13
455,Morris PLC,"323 Alexander Lodge, Port Joseph, UT 70194",372-937-0230x456,commercial,2025-01-02
456,Morris Group,"03834 Suzanne Ridge, Mcmillanside, KS 12044",+1-413-598-0904x1130,residential,2024-10-11
457,Robert Wilson,"2055 William Valley, Anthonyborough, FM 92005",3645533331,commercial,2023-10-25
458,Allen-Howard,"879 Howard Junctions, Brooksberg, AK 80715",001-323-585-3773x6337,commercial,2023-10-18
459,Bray-Harrison,"73751 Michelle Freeway, North Tonyaberg, DE 77946",215.648.8635x89596,commercial,2023-08-16
460,Sandra Moore,"84309 Erik Meadows, Wilsonport, AL 99717",+1-591-880-4144x9404,residential,2025-06-19
461,Dalton Ltd,"1122 Riley Skyway, Lake Robertside, LA 92524",+1-617-575-5331,residential,2024-01-09
462,Justin Moon,"87064 Wesley Lake Apt. 751, East Leslie, WI 15614",(201)341-1846x975,residential,2024-01-20
463,"Evans, Rodriguez and Rios","84362 Sarah Ferry Apt. 486, West Saraport, NC 12252",544.667.3928x49112,residential,2023-11-02
464,"Jones, Arroyo and Wells","133 Mullins Mill, Patrickport, MT 50869",+1-803-359-4714x001,commercial,2024-02-25
465,"Leon, Turner and Santiago","54864 Thompson River Suite 611, Gilesborough, AL 38341",(773)323-3757,residential,2025-03-21
466,"Hanson, Michael and Moore","151 Noah Flat Suite 632, West Mark, TX 09064",001-888-467-1731,residential,2023-08-05
467,Ellis-Carson,"1481 Cameron Islands Suite 374, Sanchezport, OH 58810",001-594-516-8653x86776,residential,2024-07-22
468,David Acosta,"266 Donna Viaduct Suite 713, South John, PA 84484",5132709588,commercial,2023-10-11
469,Stevens-Freeman,"2119 Sandra Station Suite 876, Ericburgh, AR 66616",574-983-0375x06367,commercial,2024-12-10
470,Smith and Sons,"0706 Douglas Cliff, New Amyshire, NC 12164",6609576151,commercial,2025-04-01
471,Sheila Ramirez,"66867 Linda Alley, New Donald, GU 01853",(704)299-0715,commercial,2024-11-28
472,Peter Wilkerson,"76368 Callahan Islands, Port Brandonville, WA 17947",798.759.1225x2906,commercial,2025-04-07
473,Mccullough-Stone,"175 Delgado Lights, Brittanybury, MN 94556",+1-622-223-8846x68309,commercial,2025-01-01
474,Carter Ltd,"439 Oliver Estate Apt. 368, Sandovalfurt, CA 57111",768.939.6808x345,residential,2024-03-28
475,Mooney-Mendoza,"720 Lori Lakes, Derekshire, MA 59076",001-870-872-4332x010,residential,2025-03-08
476,Alvarez Ltd,"86144 Wolfe Curve Suite 115, Jennifershire, WA 42840",001-715-587-4752x348,commercial,2025-02-22
477,Joseph Lopez,"1907 Goodwin Fall Suite 263, Port Linda, HI 81503",001-472-200-2190,commercial,2024-01-05
478,Lori Turner,"18460 William Lights, East David, IN 24876",+1-661-788-4880x0609,commercial,2025-05-31
479,Gonzalez-Zavala,"59029 Sharon Fords, Wrightbury, HI 68823",+1-865-370-2000,commercial,2025-06-04
480,Martinez-Nunez,"22568 Alexandra Prairie Apt. 105, East Kevin, PR 00824",(700)944-7656x29702,residential,2024-07-29
481,Julie Pearson,"542 Mark Island Suite 949, Perryfort, WY 49249",(269)812-4937x320,residential,2023-08-28
482,Sherry Phillips,"99689 Andersen Divide Suite 906, Arnoldburgh, WI 32920",001-217-631-9402x83149,commercial,2025-02-20
483,Phillips-Burns,"495 Ortiz Fords, West Javier, AZ 38246",4239561847,residential,2023-07-28
484,Kenneth Hernandez,"082 Jane Stream Apt. 258, Michaelshire, AL 09708",001-513-774-9436x62740,commercial,2023-11-18
485,Kent PLC,"Unit 3095 Box 9152, DPO AA 00655",+1-690-805-9922,commercial,2023-12-13
486,"Gallagher, Sheppard and Tran","950 Taylor Knoll Suite 817, Romeromouth, MD 39117",(884)462-7159,residential,2025-03-27
487,Kramer Ltd,"9748 Hunt Pines Suite 505, West Jeff, WV 76682",7366436543,commercial,2024-09-20
488,Stone Group,"74327 Mercer Grove Suite 512, Port Jordanmouth, OH 20531",6225913690,commercial,2024-10-07
489,Berry LLC,"93836 Cooley Lodge Apt. 632, East Mark, AK 13471",(476)471-6370x706,residential,2024-01-13
490,Terrell-Brewer,"191 Tracey Run, Wilsonside, WI 03303",(819)723-0732,commercial,2023-10-31
491,Stephanie Joseph,"4382 Kathryn Brook, Loriton, MA 20311",(269)840-3299,commercial,2024-10-17
492,Lewis Ltd,"43144 Mccarthy Fort, Daltonborough, WV 56795",895-392-8510,commercial,2023-11-27
493,Angelica Roman,"89182 Martinez Plains Suite 824, Jennifermouth, TX 64139",(280)511-1757,residential,2024-07-15
494,Christopher Park,"3550 Aaron Island Suite 907, Baileyview, NE 93020",259-639-8958x23881,residential,2023-12-06
495,Lucas-Tran,"1161 King Spurs, Olsonshire, MT 81649",001-456-402-7355x8030,residential,2025-04-08
496,Gary Davis,"USCGC Patrick, FPO AP 05581",(487)781-0768,residential,2024-07-03
497,Jasmine Ware,"04502 Kari Hollow Suite 659, Davilaside, TN 89673",001-749-899-0889x139,commercial,2024-10-23
498,Mr. David Jones Jr.,"7772 Nguyen Villages, Rodriguezside, WV 20997",240.865.2948,commercial,2024-07-17
499,"Peterson, Harrell and Wall","589 Tyler Parks Apt. 390, Fieldsstad, NC 67447",4958896630,residential,2024-04-04
500,Boyle and Sons,"403 Lee Ports Suite 084, Fernandezton, VT 51512",+1-644-825-3449x60498,commercial,2024-05-08
